{"cameraMode":{"drawMode":0,"name":"Shaded","section":"Shading Mode"},"sceneLighting":false,"audioPlay":false,"sceneViewState":{"showFog":true,"showMaterialUpdate":false,"showSkybox":false,"showFlares":true,"showImageEffects":true,"showParticleSystems":true},"in2DMode":false,"pivot":{"x":0.0,"y":1.679999828338623,"z":0.12000000476837158},"rotation":{"x":0.014757565222680569,"y":-0.6392117142677307,"z":-0.012266967445611954,"w":-0.7688530683517456},"size":7.221517562866211,"orthographic":false}