{"cameraMode":{"drawMode":0,"name":"Shaded","section":"Shading Mode"},"sceneLighting":false,"audioPlay":false,"sceneViewState":{"showFog":true,"showMaterialUpdate":false,"showSkybox":false,"showFlares":true,"showImageEffects":true,"showParticleSystems":true},"in2DMode":false,"pivot":{"x":303.1000061035156,"y":45.380001068115237,"z":338.82000732421877},"rotation":{"x":0.23099666833877564,"y":-0.6597390174865723,"z":0.2244165539741516,"w":0.6790112257003784},"size":7.221515655517578,"orthographic":false}