{"cameraMode":{"drawMode":0,"name":"Shaded","section":"Shading Mode"},"sceneLighting":false,"audioPlay":false,"sceneViewState":{"showFog":true,"showMaterialUpdate":false,"showSkybox":false,"showFlares":true,"showImageEffects":true,"showParticleSystems":true},"in2DMode":false,"pivot":{"x":797.4026489257813,"y":59.16455841064453,"z":848.6099853515625},"rotation":{"x":0.2696458101272583,"y":-0.33470240235328677,"z":0.10053761303424835,"w":0.8973376154899597},"size":9.584206581115723,"orthographic":false}